{
  "results": [
    {
      "ticker": "CRFB3"
    },
    {
      "ticker": "PETR4"
    },
    {
      "ticker": "COGN3"
    },
    {
      "ticker": "OIBR3"
    },
    {
      "ticker": "HAPV3"
    },
    {
      "ticker": "B3SA3"
    },
    {
      "ticker": "ITSA4"
    },
    {
      "ticker": "CCRO3"
    },
    {
      "ticker": "MGLU3"
    },
    {
      "ticker": "PCAR3"
    },
    {
      "ticker": "ITUB4"
    },
    {
      "ticker": "BEEF3"
    },
    {
      "ticker": "ABEV3"
    },
    {
      "ticker": "AZUL4"
    },
    {
      "ticker": "VALE3"
    },
    {
      "ticker": "BBDC4"
    },
    {
      "ticker": "POMO4"
    },
    {
      "ticker": "RAIL3"
    },
    {
      "ticker": "CVCB3"
    },
    {
      "ticker": "GOAU4"
    },
    {
      "ticker": "NTCO3"
    },
    {
      "ticker": "BRAV3"
    },
    {
      "ticker": "PETR3"
    },
    {
      "ticker": "VAMO3"
    },
    {
      "ticker": "BBAS3"
    },
    {
      "ticker": "LREN3"
    },
    {
      "ticker": "CSAN3"
    },
    {
      "ticker": "PRIO3"
    },
    {
      "ticker": "USIM5"
    },
    {
      "ticker": "RAIZ4"
    },
    {
      "ticker": "CPLE6"
    },
    {
      "ticker": "GGBR4"
    },
    {
      "ticker": "ASAI3"
    },
    {
      "ticker": "ELET3"
    },
    {
      "ticker": "CMIG4"
    },
    {
      "ticker": "EQTL3"
    },
    {
      "ticker": "ANIM3"
    },
    {
      "ticker": "MRVE3"
    },
    {
      "ticker": "AMOB3"
    },
    {
      "ticker": "RAPT4"
    },
    {
      "ticker": "CSNA3"
    },
    {
      "ticker": "RENT3"
    },
    {
      "ticker": "MRFG3"
    },
    {
      "ticker": "JBSS3"
    },
    {
      "ticker": "VBBR3"
    },
    {
      "ticker": "BBDC3"
    },
    {
      "ticker": "IFCM3"
    },
    {
      "ticker": "BHIA3"
    },
    {
      "ticker": "LWSA3"
    },
    {
      "ticker": "SIMH3"
    },
    {
      "ticker": "CMIN3"
    },
    {
      "ticker": "UGPA3"
    },
    {
      "ticker": "MOVI3"
    },
    {
      "ticker": "GFSA3"
    },
    {
      "ticker": "AZEV4"
    },
    {
      "ticker": "RADL3"
    },
    {
      "ticker": "BPAC11"
    },
    {
      "ticker": "PETZ3"
    },
    {
      "ticker": "AURE3"
    },
    {
      "ticker": "ENEV3"
    },
    {
      "ticker": "WEGE3"
    },
    {
      "ticker": "CPLE3"
    },
    {
      "ticker": "SRNA3"
    },
    {
      "ticker": "BRFS3"
    },
    {
      "ticker": "SLCE3"
    },
    {
      "ticker": "CBAV3"
    },
    {
      "ticker": "ECOR3"
    },
    {
      "ticker": "KLBN11"
    },
    {
      "ticker": "EMBR3"
    },
    {
      "ticker": "MULT3"
    },
    {
      "ticker": "CYRE3"
    },
    {
      "ticker": "RDOR3"
    },
    {
      "ticker": "TIMS3"
    },
    {
      "ticker": "SUZB3"
    },
    {
      "ticker": "ALOS3"
    },
    {
      "ticker": "SMFT3"
    },
    {
      "ticker": "FLRY3"
    },
    {
      "ticker": "IGTI11"
    },
    {
      "ticker": "AMER3"
    },
    {
      "ticker": "YDUQ3"
    },
    {
      "ticker": "STBP3"
    },
    {
      "ticker": "GMAT3"
    },
    {
      "ticker": "TOTS3"
    },
    {
      "ticker": "CEAB3"
    },
    {
      "ticker": "EZTC3"
    },
    {
      "ticker": "BRAP4"
    },
    {
      "ticker": "RECV3"
    },
    {
      "ticker": "VIVA3"
    },
    {
      "ticker": "DXCO3"
    },
    {
      "ticker": "SANB11"
    },
    {
      "ticker": "BBSE3"
    },
    {
      "ticker": "LJQQ3"
    },
    {
      "ticker": "PMAM3"
    },
    {
      "ticker": "SBSP3"
    },
    {
      "ticker": "ENGI11"
    },
    {
      "ticker": "JHSF3"
    },
    {
      "ticker": "INTB3"
    },
    {
      "ticker": "RCSL4"
    },
    {
      "ticker": "GOLL4"
    },
    {
      "ticker": "CXSE3"
    },
    {
      "ticker": "QUAL3"
    },
    {
      "ticker": "BRKM5"
    },
    {
      "ticker": "HYPE3"
    },
    {
      "ticker": "IRBR3"
    },
    {
      "ticker": "KLBN4"
    },
    {
      "ticker": "CSMG3"
    },
    {
      "ticker": "HBSA3"
    },
    {
      "ticker": "CSED3"
    },
    {
      "ticker": "GGPS3"
    },
    {
      "ticker": "DIRR3"
    },
    {
      "ticker": "CURY3"
    },
    {
      "ticker": "TAEE11"
    },
    {
      "ticker": "KEPL3"
    },
    {
      "ticker": "PSSA3"
    },
    {
      "ticker": "ISAE4"
    },
    {
      "ticker": "TEND3"
    },
    {
      "ticker": "VIVT3"
    },
    {
      "ticker": "ELET6"
    },
    {
      "ticker": "LIGT3"
    },
    {
      "ticker": "GRND3"
    },
    {
      "ticker": "NEOE3"
    },
    {
      "ticker": "TUPY3"
    },
    {
      "ticker": "AZEV3"
    },
    {
      "ticker": "ALPA4"
    },
    {
      "ticker": "ODPV3"
    },
    {
      "ticker": "CPFE3"
    },
    {
      "ticker": "SMTO3"
    },
    {
      "ticker": "VULC3"
    },
    {
      "ticker": "CAML3"
    },
    {
      "ticker": "EGIE3"
    },
    {
      "ticker": "SAPR4"
    },
    {
      "ticker": "TTEN3"
    },
    {
      "ticker": "SAPR11"
    },
    {
      "ticker": "GUAR3"
    },
    {
      "ticker": "SOJA3"
    },
    {
      "ticker": "AZZA3"
    },
    {
      "ticker": "MLAS3"
    },
    {
      "ticker": "ALUP11"
    },
    {
      "ticker": "ARML3"
    },
    {
      "ticker": "VVEO3"
    },
    {
      "ticker": "RCSL3"
    },
    {
      "ticker": "FIQE3"
    },
    {
      "ticker": "JSLG3"
    },
    {
      "ticker": "ESPA3"
    },
    {
      "ticker": "LAVV3"
    },
    {
      "ticker": "MYPK3"
    },
    {
      "ticker": "ONCO3"
    },
    {
      "ticker": "PORT3"
    },
    {
      "ticker": "SHUL4"
    },
    {
      "ticker": "BRSR6"
    },
    {
      "ticker": "PGMN3"
    },
    {
      "ticker": "HBOR3"
    },
    {
      "ticker": "PDGR3"
    },
    {
      "ticker": "MELK3"
    },
    {
      "ticker": "BPAN4"
    },
    {
      "ticker": "ZAMP3"
    },
    {
      "ticker": "SBFG3"
    },
    {
      "ticker": "POSI3"
    },
    {
      "ticker": "ENJU3"
    },
    {
      "ticker": "EVEN3"
    },
    {
      "ticker": "MTRE3"
    },
    {
      "ticker": "CASH3"
    },
    {
      "ticker": "OPCT3"
    },
    {
      "ticker": "MDIA3"
    },
    {
      "ticker": "DASA3"
    },
    {
      "ticker": "KLBN3"
    },
    {
      "ticker": "RANI3"
    },
    {
      "ticker": "BMGB4"
    },
    {
      "ticker": "AGXY3"
    },
    {
      "ticker": "FESA4"
    },
    {
      "ticker": "MEAL3"
    },
    {
      "ticker": "MILS3"
    },
    {
      "ticker": "VTRU3"
    },
    {
      "ticker": "POMO3"
    },
    {
      "ticker": "BMOB3"
    },
    {
      "ticker": "VLID3"
    },
    {
      "ticker": "SEER3"
    },
    {
      "ticker": "AALR3"
    },
    {
      "ticker": "TRIS3"
    },
    {
      "ticker": "PFRM3"
    },
    {
      "ticker": "TASA4"
    },
    {
      "ticker": "AMAR3"
    },
    {
      "ticker": "BLAU3"
    },
    {
      "ticker": "ABCB4"
    },
    {
      "ticker": "JALL3"
    },
    {
      "ticker": "ITUB3"
    },
    {
      "ticker": "SYNE3"
    },
    {
      "ticker": "PLPL3"
    },
    {
      "ticker": "MATD3"
    },
    {
      "ticker": "ORVR3"
    },
    {
      "ticker": "PNVL3"
    },
    {
      "ticker": "LEVE3"
    },
    {
      "ticker": "WIZC3"
    },
    {
      "ticker": "BRBI11"
    },
    {
      "ticker": "MDNE3"
    },
    {
      "ticker": "TFCO4"
    },
    {
      "ticker": "HBRE3"
    },
    {
      "ticker": "LOGG3"
    },
    {
      "ticker": "AGRO3"
    },
    {
      "ticker": "BRST3"
    },
    {
      "ticker": "MBLY3"
    },
    {
      "ticker": "FRAS3"
    },
    {
      "ticker": "SEQL3"
    },
    {
      "ticker": "PINE4"
    },
    {
      "ticker": "PTBL3"
    },
    {
      "ticker": "TAEE4"
    },
    {
      "ticker": "DESK3"
    },
    {
      "ticker": "AERI3"
    },
    {
      "ticker": "ELMD3"
    },
    {
      "ticker": "UNIP6"
    },
    {
      "ticker": "USIM3"
    },
    {
      "ticker": "TECN3"
    },
    {
      "ticker": "SAPR3"
    },
    {
      "ticker": "RNEW4"
    },
    {
      "ticker": "OIBR4"
    },
    {
      "ticker": "ITSA3"
    },
    {
      "ticker": "PRNR3"
    },
    {
      "ticker": "LUPA3"
    },
    {
      "ticker": "TGMA3"
    },
    {
      "ticker": "VITT3"
    },
    {
      "ticker": "TPIS3"
    },
    {
      "ticker": "UCAS3"
    },
    {
      "ticker": "SHOW3"
    },
    {
      "ticker": "ROMI3"
    },
    {
      "ticker": "ALPK3"
    },
    {
      "ticker": "INEP3"
    },
    {
      "ticker": "RNEW3"
    },
    {
      "ticker": "BOBR4"
    },
    {
      "ticker": "SANB4"
    },
    {
      "ticker": "CMIG3"
    },
    {
      "ticker": "SANB3"
    },
    {
      "ticker": "AMBP3"
    },
    {
      "ticker": "LPSB3"
    },
    {
      "ticker": "INEP4"
    },
    {
      "ticker": "ALLD3"
    },
    {
      "ticker": "GGBR3"
    },
    {
      "ticker": "DEXP3"
    },
    {
      "ticker": "RSID3"
    },
    {
      "ticker": "TAEE3"
    },
    {
      "ticker": "DMVF3"
    },
    {
      "ticker": "BRAP3"
    },
    {
      "ticker": "ATED3"
    },
    {
      "ticker": "LAND3"
    },
    {
      "ticker": "GOAU3"
    },
    {
      "ticker": "ETER3"
    },
    {
      "ticker": "EUCA4"
    },
    {
      "ticker": "CSUD3"
    },
    {
      "ticker": "DASA11"
    },
    {
      "ticker": "DOTZ3"
    },
    {
      "ticker": "PDTC3"
    },
    {
      "ticker": "IGTI3"
    },
    {
      "ticker": "TASA3"
    },
    {
      "ticker": "VIVR3"
    },
    {
      "ticker": "LVTC3"
    },
    {
      "ticker": "RAPT3"
    },
    {
      "ticker": "CAMB3"
    },
    {
      "ticker": "CEBR3"
    },
    {
      "ticker": "PINE3"
    },
    {
      "ticker": "FICT3"
    },
    {
      "ticker": "KRSA3"
    },
    {
      "ticker": "ALUP3"
    },
    {
      "ticker": "TRAD3"
    },
    {
      "ticker": "BEES3"
    },
    {
      "ticker": "TCSA3"
    },
    {
      "ticker": "EPAR3"
    },
    {
      "ticker": "ALUP4"
    },
    {
      "ticker": "PTNT4"
    },
    {
      "ticker": "BMEB4"
    },
    {
      "ticker": "HOOT4"
    },
    {
      "ticker": "FHER3"
    },
    {
      "ticker": "BSLI3"
    },
    {
      "ticker": "CEBR6"
    },
    {
      "ticker": "WHRL3"
    },
    {
      "ticker": "CEBR5"
    },
    {
      "ticker": "SCAR3"
    },
    {
      "ticker": "BSLI4"
    },
    {
      "ticker": "BRKM3"
    },
    {
      "ticker": "RNEW11"
    },
    {
      "ticker": "CTSA4"
    },
    {
      "ticker": "ENGI4"
    },
    {
      "ticker": "EALT4"
    },
    {
      "ticker": "BPAC5"
    },
    {
      "ticker": "NGRD3"
    },
    {
      "ticker": "JFEN3"
    },
    {
      "ticker": "RPMG3"
    },
    {
      "ticker": "SNSY5"
    },
    {
      "ticker": "LOGN3"
    },
    {
      "ticker": "VSTE3"
    },
    {
      "ticker": "WHRL4"
    },
    {
      "ticker": "ALPA3"
    },
    {
      "ticker": "ISAE3"
    },
    {
      "ticker": "REAG3"
    },
    {
      "ticker": "OSXB3"
    },
    {
      "ticker": "RDNI3"
    },
    {
      "ticker": "ENGI3"
    },
    {
      "ticker": "DEXP4"
    },
    {
      "ticker": "BPAC3"
    },
    {
      "ticker": "HAGA3"
    },
    {
      "ticker": "UNIP3"
    },
    {
      "ticker": "ATMP3"
    },
    {
      "ticker": "CLSC4"
    },
    {
      "ticker": "EQPA3"
    },
    {
      "ticker": "BIOM3"
    },
    {
      "ticker": "CRPG5"
    },
    {
      "ticker": "BEES4"
    },
    {
      "ticker": "OFSA3"
    },
    {
      "ticker": "AZEV11"
    },
    {
      "ticker": "EMAE4"
    },
    {
      "ticker": "DOHL4"
    },
    {
      "ticker": "CGRA4"
    },
    {
      "ticker": "BRSR3"
    },
    {
      "ticker": "NEXP3"
    },
    {
      "ticker": "CEDO3"
    },
    {
      "ticker": "COCE5"
    },
    {
      "ticker": "NUTR3"
    },
    {
      "ticker": "BAZA3"
    },
    {
      "ticker": "MTSA4"
    },
    {
      "ticker": "CGRA3"
    },
    {
      "ticker": "TELB3"
    },
    {
      "ticker": "WLMM4"
    },
    {
      "ticker": "PPLA11"
    },
    {
      "ticker": "PATI4"
    },
    {
      "ticker": "MGEL4"
    },
    {
      "ticker": "CEDO4"
    },
    {
      "ticker": "BDLL3"
    },
    {
      "ticker": "RSUL4"
    },
    {
      "ticker": "CTKA4"
    },
    {
      "ticker": "AFLT3"
    },
    {
      "ticker": "TELB4"
    },
    {
      "ticker": "BGIP4"
    },
    {
      "ticker": "EQMA3B"
    },
    {
      "ticker": "AMAR11"
    },
    {
      "ticker": "REDE3"
    },
    {
      "ticker": "HBTS5"
    },
    {
      "ticker": "JOPA3"
    },
    {
      "ticker": "SNSY3"
    },
    {
      "ticker": "HAGA4"
    },
    {
      "ticker": "CGAS5"
    },
    {
      "ticker": "UNIP5"
    },
    {
      "ticker": "GEPA4"
    },
    {
      "ticker": "BMEB3"
    },
    {
      "ticker": "GEPA3"
    },
    {
      "ticker": "PTNT3"
    },
    {
      "ticker": "BMKS3"
    },
    {
      "ticker": "BNBR3"
    },
    {
      "ticker": "BAUH4"
    },
    {
      "ticker": "MNPR3"
    },
    {
      "ticker": "COCE3"
    },
    {
      "ticker": "BMIN4"
    },
    {
      "ticker": "BALM4"
    },
    {
      "ticker": "CPLE5"
    },
    {
      "ticker": "MERC4"
    },
    {
      "ticker": "WEST3"
    },
    {
      "ticker": "AVLL3"
    },
    {
      "ticker": "PATI3"
    },
    {
      "ticker": "RPAD6"
    },
    {
      "ticker": "MNDL3"
    },
    {
      "ticker": "PLAS3"
    },
    {
      "ticker": "NORD3"
    },
    {
      "ticker": "CTSA3"
    },
    {
      "ticker": "FIEI3"
    },
    {
      "ticker": "EALT3"
    },
    {
      "ticker": "RPAD3"
    },
    {
      "ticker": "DTCY3"
    },
    {
      "ticker": "ENMT3"
    },
    {
      "ticker": "MRSA6B"
    },
    {
      "ticker": "BIED3"
    },
    {
      "ticker": "CEGR3"
    },
    {
      "ticker": "MRSA3B"
    },
    {
      "ticker": "MOAR3"
    },
    {
      "ticker": "CRPG6"
    },
    {
      "ticker": "CGAS3"
    },
    {
      "ticker": "CEEB3"
    },
    {
      "ticker": "EUCA3"
    },
    {
      "ticker": "LUXM4"
    },
    {
      "ticker": "TKNO4"
    },
    {
      "ticker": "EKTR4"
    },
    {
      "ticker": "FESA3"
    },
    {
      "ticker": "IGTI4"
    },
    {
      "ticker": "AHEB3"
    },
    {
      "ticker": "ESTR4"
    },
    {
      "ticker": "GPAR3"
    },
    {
      "ticker": "BRKM6"
    },
    {
      "ticker": "RPAD5"
    },
    {
      "ticker": "CEED3"
    },
    {
      "ticker": "PSVM11"
    },
    {
      "ticker": "BRSR5"
    },
    {
      "ticker": "SOND5"
    },
    {
      "ticker": "LIPR3"
    },
    {
      "ticker": "BGIP3"
    },
    {
      "ticker": "BMIN3"
    },
    {
      "ticker": "PEAB3"
    },
    {
      "ticker": "EQPA5"
    },
    {
      "ticker": "EQPA7"
    },
    {
      "ticker": "CLSC3"
    },
    {
      "ticker": "DOHL3"
    },
    {
      "ticker": "HETA4"
    },
    {
      "ticker": "PEAB4"
    },
    {
      "ticker": "WLMM3"
    },
    {
      "ticker": "FRIO3"
    },
    {
      "ticker": "BALM3"
    },
    {
      "ticker": "MWET4"
    },
    {
      "ticker": "CLSA3"
    },
    {
      "ticker": "CTKA3"
    },
    {
      "ticker": "ESTR3"
    }
  ]
}